<?xml version="1.0" encoding="UTF-8" standalone="yes"?>
<addon id="plugin.video.sledujufilmy" name="SledujuFilmy.cz" version="0.0.1" provider-name="Jan Malčák">
    <requires>
        <import addon="xbmc.python" version="2.25.0"/>
        <import addon="script.module.beautifulsoup4" version="4.5.3" />
        <import addon="script.common.plugin.cache" version="2.5.10" />
        <import addon="script.module.urlresolver" version="5.0.20" />
    </requires>
    <extension point="xbmc.python.pluginsource" library="main.py">
        <provides>video</provides>
    </extension>
    <extension point="xbmc.addon.metadata">
        <summary lang="cs_CZ">Plugin pro přehrávání videí ze stránky SledujuFilmy.cz</summary>
        <description lang="cs_CZ">SledujuFilmy.cz je web shromažďující online filmy a serriály.</description>
        <summary lang="en_GB">Plugin for playing movies from SledujuFilmy.cz webpage</summary>
        <description lang="en_GB">SledujuFilmy.cz is web collecting online movies and series.</description>
        <summary lang="en_US">Plugin for playing movies from SledujuFilmy.cz webpage</summary>
        <description lang="en_US">SledujuFilmy.cz is web collecting online movies and series.</description>
        <language>cs</language>
        <platform>all</platform>
        <license>MIT</license>
        <forum></forum>
        <website>https://malja.github.com/plugin.video.sledujufilmy</website>
        <email>github@malcak.cz</email>
        <source>https://github.com/malja/plugin.video.sledujufilmy</source>
        <news>v0.0.1 (09. 09. 2018)
        - První verze</news>
        <assets>
            <icon>icon.png</icon>
            <screenshot>/resources/media/screenshot_01.png</screenshot>
            <screenshot>/resources/media/screenshot_02.png</screenshot>
            <screenshot>/resources/media/screenshot_03.png</screenshot>
        </assets>
    </extension>
</addon>
